,0
0,
1,ACOT8
2,ACOT8
3,ACOT8
4,GNPDA1
5,PLA2G4B
6,GNE
7,PIGK
8,
9,SDR42E2
10,
11,SLC17A4
12,NT5C1B-RDH14
13,ABCC5
14,ABCC5
15,ABCB6
16,ABCC9
17,COL4A3BP
18,UST
19,ADA
20,NAMPT
21,AASS
22,CHST4
23,SLC25A13
24,SLC25A15
25,DHRS9
26,NME6
27,DHRS2
28,COQ7
29,SLC17A2
30,GLYAT
31,ABCC4
32,
33,CBSL
34,TCIRG1
35,TCIRG1
36,B3GALT5
37,B3GALT5
38,B3GALT5
39,B3GALT5
40,B3GALT5
41,AKR1A1
42,AKR1A1
43,B3GNT3
44,ABCA8
45,CDO1
46,BPNT1
47,CEPT1
48,ATP8A1
49,PEMT
50,PEMT
51,PEMT
52,ST3GAL6
53,CDS1
54,CDIPT
55,CDIPT
56,ACAA2
57,ECI2
58,ATP5H
59,ATP5H
60,SLC25A17
61,HTATIP2
62,AGPAT1
63,AGPAT2
64,SPTLC1
65,SLC35A1
66,SLC19A2
67,SLC34A2
68,CEL
69,TXNRD2
70,MTHFS
71,SLCO1B1
72,PAICS
73,ST6GALNAC2
74,ATP5L
75,PMVK
76,CES1
77,B3GNT2
78,B3GNT2
79,EBP
80,FUT9
81,CERS1
82,UGT2B11
83,SLC12A7
84,MGEA5
85,PTGES3
86,AHCYL1
87,AHCYL1
88,SLC17A3
89,MTHFD2
90,ADCY1
91,CFTR
92,NEU3
93,FAXDC2
94,ALDH1L1
95,FTCD
96,FTCD
97,PDE10A
98,CYP46A1
99,SLC26A1
100,SLC26A1
101,SLC26A1
102,SLC22A7
103,HCST
104,ME3
105,ADCY2
106,DHRS4
107,EHMT2
108,RALBP1
109,PRDX3
110,PRDX3
111,UGT2A1
112,STARD3
113,ACOT2
114,UQCR11
115,SLC38A3
116,SDS
117,SLC27A5
118,SLC27A4
119,ADCY3
120,SLC27A3
121,SLC27A2
122,CHAT
123,CHAT
124,CHAT
125,CHAT
126,B4GAT1
127,SLC35D2
128,AKR1C4
129,RPP14
130,HIBADH
131,SLC7A9
132,NUDT5
133,TREH
134,SLC2A6
135,CHIT1
136,CHKA
137,CHKA
138,ADCY5
139,CHKB
140,CHKB
141,PROSC
142,GALNT6
143,GALNT5
144,CA5B
145,SAT2
146,SLC6A14
147,RWDD2A
148,RDH13
149,CYP4F8
150,B4GALT7
151,ADCY6
152,ADCY6
153,PLCD3
154,SLCO2B1
155,CHST14
156,SLC46A1
157,SLC52A3
158,ACOT7
159,MGLL
160,MGLL
161,AZIN2
162,CYP2U1
163,SDSL
164,ADCY7
165,SLC2A13
166,SLC22A9
167,GALNT13
168,PTPMT1
169,ADCY8
170,SLC26A9
171,SLC26A9
172,SLC26A7
173,SLC26A7
174,SLC25A26
175,SLC25A26
176,SLC25A26
177,CKB
178,SLC5A11
179,TBCB
180,CKM
181,CKMT1B
182,ADCY9
183,SLC22A12
184,CKMT2
185,MOGAT1
186,ACSM1
187,SLC26A8
188,SLC26A8
189,SLC16A10
190,GALNT15
191,IP6K3
192,CLC
193,COMTD1
194,PNLIPRP3
195,TPP1
196,SLC36A4
197,CLPS
198,SDR9C7
199,TPH2
200,CMA1
201,AK7
202,PLD4
203,ADSSL1
204,ADSSL1
205,ACOT4
206,SLC24A4
207,SLC24A4
208,SLC24A4
209,SLC25A29
210,DEGS2
211,SLC51B
212,HYKK
213,PLA2G4E
214,ACSM2A
215,ABCC2
216,CANT1
217,CYB5D1
218,B4GALNT2
219,SLC43A2
220,GGT6
221,ADH1A
222,AFMID
223,SLC5A10
224,COX6B2
225,ACER1
226,ADH1B
227,CPT1C
228,NDUFA11
229,CYP4F22
230,B3GALT6
231,CNP
232,ADH1C
233,ATP6V1G3
234,ATP6V1G3
235,ADH4
236,PIGU
237,ADH5
238,CMPK2
239,MBOAT2
240,NEU4
241,ACMSD
242,SGPP2
243,MDH1B
244,ADH6
245,COMT
246,COMT
247,UROC1
248,ADH7
249,GLYCTK
250,GNPDA2
251,COX4I1
252,COX5B
253,ADK
254,ADK
255,ENPP6
256,COX6A1
257,COX6A2
258,COX6B1
259,ACOT12
260,COX6C
261,COX7A1
262,COX7A2
263,COX7B
264,COX7C
265,B3GAT2
266,COX8A
267,CP
268,CPA1
269,CPA2
270,CPOX
271,CPS1
272,CPS1
273,CPT1A
274,CPT1B
275,CPT1B
276,CPT1B
277,CPT1B
278,CPT2
279,ADHFE1
280,PXDNL
281,GPAT4
282,PIP5KL1
283,CRAT
284,CRAT
285,CRAT
286,PTPDC1
287,UPRT
288,AADAC
289,SLC32A1
290,GCNT7
291,NANP
292,SLC34A3
293,CS
294,CS
295,AMDHD1
296,SLC2A14
297,B3GLCT
298,RDH12
299,MDP1
300,MGAT5B
301,B3GNTL1
302,SLC47A2
303,SLC25A10
304,B3GALNT2
305,CTBP1
306,CTH
307,CTH
308,CTPS1
309,UPP2
310,MGAT4D
311,SLC36A2
312,CYC1
313,SLC2A12
314,MBOAT1
315,CYP1A1
316,CYP1A2
317,CYP1B1
318,CYP2A6
319,CYP2A7
320,SLC2A7
321,CYP3A7
322,CYP2A13
323,CYP2B6
324,CYP2C19
325,CYP2C8
326,CYP2C8
327,CYP2C9
328,CYP2C18
329,CYP2D6
330,CYP2E1
331,CYP2F1
332,CYP2J2
333,RDH10
334,CYP3A4
335,CYP3A5
336,CYP4A11
337,CYP4B1
338,
339,CYP7A1
340,CYP8B1
341,CYP11A1
342,CYP11B1
343,FAAH2
344,CYP11B2
345,CYP17A1
346,CYP19A1
347,CYP19A1
348,CYP21A2
349,ADSL
350,ADSL
351,CYP24A1
352,CYP27A1
353,CYP27B1
354,CYP51A1
355,SLC5A12
356,ADSS
357,AANAT
358,LDHAL6A
359,ALDH1L2
360,DGKA
361,SLC5A8
362,DGKB
363,DGKB
364,DGKH
365,DGKH
366,DGKG
367,DGKQ
368,DAO
369,DBH
370,DBI
371,NAGS
372,PHOSPHO1
373,DBT
374,ECI1
375,DCK
376,PLPPR5
377,DCTD
378,ACE
379,DCT
380,DDC
381,AKR1C1
382,AKR1C2
383,CHST13
384,DECR1
385,MMAA
386,SGMS2
387,GALNTL5
388,IDO2
389,FUT11
390,COX7B2
391,CLYBL
392,CLYBL
393,DGUOK
394,DGUOK
395,DGUOK
396,DGUOK
397,DGUOK
398,DHCR7
399,DHCR24
400,DHFR
401,DHODH
402,CYB5R3
403,NQO1
404,DIO1
405,DIO2
406,DIO3
407,DLAT
408,DLD
409,DLST
410,SARDH
411,AGA
412,AGL
413,AGL
414,AGL
415,AGL
416,AGL
417,AGL
418,DPEP1
419,DPYD
420,DPYS
421,DPYSL2
422,DPYSL3
423,SLC26A3
424,SLC26A2
425,DTYMK
426,DUT
427,TYMP
428,ECH1
429,ECHS1
430,AGXT
431,ABAT
432,ABAT
433,AHCY
434,B3GNT6
435,HIGD2A
436,SDR16C5
437,PLPP4
438,EHHADH
439,ADCY4
440,LDHD
441,LDHD
442,FUK
443,CYP4Z1
444,ABCA1
445,SLC5A9
446,PIKFYVE
447,PIKFYVE
448,PIKFYVE
449,ALG1L
450,SLC51A
451,PLD6
452,
453,HACD2
454,STT3B
455,ENO1
456,ENO2
457,ENO3
458,ENO3
459,SLC29A1
460,AK1
461,CERS3
462,AK2
463,AK2
464,AK2
465,EPHX2
466,AK4
467,AK4
468,AK4
469,SLC36A1
470,ESD
471,ETFA
472,ETFB
473,ETFB
474,ALAD
475,ALAD
476,ETFDH
477,ALAS1
478,ALAS1
479,ALAS2
480,EXT1
481,EXT2
482,EXT2
483,EXTL1
484,EXTL2
485,EXTL3
486,ABCD1
487,FABP4
488,FABP1
489,FABP2
490,ALDH1A1
491,FABP3
492,FABP5
493,FABP6
494,FABP7
495,ALDH2
496,ACSL1
497,ACSL3
498,ACSL3
499,ACSL4
500,ACSL4
501,FAH
502,ALDH3A1
503,FASN
504,ALDH1B1
505,ABCA3
506,LRTOMT
507,FBP1
508,ALDH1A3
509,CES5A
510,PRPS1L1
511,PRPS1L1
512,DAGLB
513,ALDH3B1
514,FDFT1
515,FDPS
516,HS3ST5
517,SLC29A4
518,ALDH3B2
519,FECH
520,FECH
521,ALDH9A1
522,ALDH3A2
523,ABCD2
524,ALDOA
525,ALDOA
526,ALDOA
527,FH
528,CHSY1
529,INPP5F
530,SACM1L
531,RPIA
532,NT5C2
533,ALDOB
534,PLCH1
535,NMNAT2
536,NMNAT2
537,SETD1B
538,ALDOC
539,SLC35D1
540,LPIN1
541,AKR1B1
542,PMPCA
543,ACSBG1
544,PLCB1
545,PLCB1
546,ATP11A
547,PPIP5K2
548,ACSL6
549,SLC9A8
550,TNS2
551,PIP5K1C
552,MLYCD
553,SLC7A8
554,SLC7A8
555,TPSD1
556,ATP1B4
557,SLC35A3
558,GCAT
559,QPRT
560,SEC11A
561,FOLR1
562,FOLR1
563,FOLR1
564,FOLR1
565,FOLR1
566,FOLR1
567,CES3
568,HAAO
569,FOLR2
570,FOLR3
571,NNT
572,NNT
573,PIK3R5
574,SLC16A8
575,ATP6V0A2
576,PIGN
577,PIGN
578,CHST5
579,CHST5
580,FPGS
581,AMACR
582,AMACR
583,CA14
584,PLD3
585,SLC7A11
586,BHMT2
587,PISD
588,ALOX12
589,ALOX5
590,ATP6V0D2
591,ATP6V1C2
592,SLC17A8
593,ALOX15
594,ALOX15B
595,ALPI
596,FTH1
597,ALPL
598,ABCA4
599,ALPP
600,FTL
601,FUCA1
602,FUCA2
603,ALPPL2
604,FUT1
605,FUT2
606,FUT3
607,FUT4
608,FUT5
609,FUT6
610,FUT7
611,TECRL
612,KDSR
613,LCLAT1
614,CERS6
615,G6PC
616,G6PD
617,SLC37A4
618,GAA
619,ST6GALNAC3
620,PLCXD2
621,GAD1
622,GAD1
623,GPX6
624,GAD2
625,SLC24A2
626,PGLS
627,GALC
628,GALE
629,GALE
630,SULT4A1
631,MGAT4C
632,B4GALNT1
633,GALK1
634,GALK2
635,GALK2
636,MPC2
637,GALNS
638,GALNT1
639,MTHFD1L
640,GALNT2
641,GALNT3
642,SGMS1
643,GALT
644,GALT
645,GALT
646,IL4I1
647,GAMT
648,GAMT
649,GANC
650,GAPDH
651,MOXD1
652,TKFC
653,ACOT11
654,CYP4X1
655,GLCE
656,HACL1
657,
658,DECR2
659,GART
660,GART
661,PHGDH
662,B3GAT3
663,SLC13A4
664,HIBCH
665,PLA2G2D
666,AK5
667,AK5
668,GATM
669,GALNT8
670,GBA
671,GBA
672,GBA
673,GBA
674,GBA
675,AMD1
676,GBGT1
677,GBE1
678,GAPDHS
679,GCDH
680,GCDH
681,GCH1
682,GCK
683,GCK
684,GCK
685,SLC17A5
686,GCNT1
687,GCNT2
688,GCSH
689,HS6ST3
690,MAGEA2B
691,ATP5L2
692,GFPT1
693,GGT1
694,GGT1
695,GGT1
696,
697,B4GALT1
698,GGT7
699,OPLAH
700,GGT5
701,AOC1
702,TPK1
703,ACAD8
704,PPA2
705,PPA2
706,PPA2
707,PPA2
708,B3GAT1
709,B3GAT1
710,UQCRQ
711,ST6GALNAC4
712,AMPD1
713,ATP5S
714,GK
715,GK
716,PDE7B
717,INPP5J
718,INPP5J
719,GK2
720,
721,CHIA
722,CHIA
723,GLS2
724,GLS2
725,GLA
726,AMPD2
727,AMPD2
728,AMPD2
729,GLB1
730,GNMT
731,COQ2
732,SULT1B1
733,GCLC
734,AMPD3
735,HPGDS
736,GCLM
737,GLDC
738,GLO1
739,MAT2B
740,MAT2B
741,GLS
742,GLRX
743,GLUD1
744,GLUD2
745,GLUL
746,AMT
747,GM2A
748,GMDS
749,GMPR
750,AMY1A
751,AMY1A
752,AMY1B
753,AMY1C
754,GNS
755,AMY2A
756,GOT1
757,GOT2
758,AMY2B
759,GPD1
760,GPD2
761,GPI
762,SLCO4A1
763,SLCO3A1
764,SLCO1B3
765,P4HA3
766,PGM2L1
767,B4GALNT3
768,FADS6
769,HEXDC
770,PIGW
771,SLC13A5
772,SLC26A11
773,ZADH2
774,ZADH2
775,CYP4V2
776,
777,
778,ATP11C
779,GPT
780,GPX1
781,GPX1
782,GPX2
783,GPX3
784,GPX4
785,GPX5
786,GPX7
787,SLC27A6
788,SPCS1
789,ACAD9
790,FLVCR1
791,ABO
792,SETD2
793,PHPT1
794,ANPEP
795,LGALS13
796,SLC25A4
797,SLC25A5
798,GSR
799,GSS
800,SLC25A6
801,GSTM1
802,GSTM1
803,GSTM2
804,GSTZ1
805,GSTZ1
806,GSTZ1
807,
808,GUCY1A2
809,CYP2S1
810,GUCA1A
811,UQCR10
812,UQCR10
813,GUCY1A3
814,GUCY1B3
815,GUCY2C
816,GUCY2F
817,GUK1
818,ALG5
819,NPC1L1
820,ST8SIA5
821,GUSB
822,PYCR2
823,NME7
824,NME7
825,GMPPB
826,GMPPB
827,GMPPA
828,GMPPA
829,GYG1
830,CERS2
831,DMGDH
832,PSAT1
833,PSAT1
834,GYS1
835,SLC2A8
836,GYS2
837,GUCY2D
838,SLC40A1
839,HSD17B10
840,HAGH
841,HADHA
842,HADHB
843,HADH
844,HAL
845,HAS1
846,HAS2
847,HAS3
848,HAS3
849,HDC
850,HDLBP
851,HEXA
852,HEXB
853,PLA2G2E
854,ST6GALNAC6
855,HGD
856,NT5C
857,HK1
858,HK1
859,HK1
860,HK1
861,HK1
862,HK2
863,ACAA1
864,HK3
865,HLCS
866,HMBS
867,AOC2
868,AOC2
869,HMGCL
870,HMGCR
871,HMGCS1
872,HMGCS1
873,HMGCS2
874,HMOX1
875,HMOX2
876,AOX1
877,HNMT
878,SLC29A2
879,ACACA
880,ACACA
881,ACACA
882,ACACA
883,ACACA
884,HPD
885,HPGD
886,HPRT1
887,HSD3B1
888,HSD3B2
889,HSD11B1
890,HSD11B1
891,HSD11B2
892,HSD17B1
893,HSD17B3
894,HSD17B2
895,HSD17B4
896,ACACB
897,NDST1
898,CHSY3
899,B4GALNT4
900,ENPP7
901,ACADL
902,SLC6A19
903,ACER2
904,
905,ACSM4
906,IDH1
907,IDH2
908,COX8C
909,IDH3A
910,IDH3B
911,IDH3B
912,IDH3B
913,IDH3G
914,IDH3G
915,IDI1
916,IDS
917,IDS
918,IDUA
919,AQP8
920,
921,SLC10A6
922,SLC35B2
923,ACSM2B
924,SLC6A18
925,NMNAT3
926,ACADM
927,APRT
928,AQP1
929,AQP2
930,ACADS
931,GLT6D1
932,AQP3
933,IMPA1
934,IMPA2
935,IMPDH1
936,IMPDH1
937,IMPDH2
938,AQP4
939,IDO1
940,INPP1
941,AQP5
942,INPP4A
943,INPP4A
944,INPP5A
945,INPP5B
946,INPP5D
947,INPPL1
948,AQP7
949,IREB2
950,AQP9
951,ACADSB
952,STT3A
953,ITPA
954,ITPA
955,ITPK1
956,ITPKA
957,ITPKB
958,IVD
959,NDUFS7
960,PTPRQ
961,ASPG
962,HSD11B1L
963,B3GNT8
964,B3GNT8
965,MIA3
966,SLC27A1
967,SLC27A1
968,KCNJ8
969,KCNJ11
970,CA13
971,ENTPD8
972,KHK
973,KHK
974,ACADVL
975,ARG1
976,ARG2
977,
978,SLC22A10
979,KMT5A
980,SLC9A4
981,ACAT1
982,LALBA
983,ACP7
984,LBR
985,LCAT
986,LCT
987,LDHA
988,LDHB
989,LDHC
990,LDHC
991,LIPA
992,LIPC
993,LIPE
994,FADS1
995,FADS3
996,ACAT2
997,HACD4
998,LOXL2
999,LPL
1000,LPO
1001,PLPP6
1002,LSS
1003,LTA4H
1004,CYP4F3
1005,LTC4S
1006,LTC4S
1007,ARSA
1008,ARSB
1009,ARSB
1010,MAN2B1
1011,MANBA
1012,MAOA
1013,MAOB
1014,STS
1015,MAT1A
1016,MAT2A
1017,CHST6
1018,MDH1
1019,MDH2
1020,ME1
1021,ME2
1022,MGAT5
1023,MGST2
1024,MGST3
1025,ASAH1
1026,ASAH1
1027,MIP
1028,KMT2A
1029,ALDH6A1
1030,MPI
1031,MPO
1032,MPST
1033,ASL
1034,ABCC1
1035,ASMT
1036,ACHE
1037,ACHE
1038,ASNS
1039,ASNS
1040,ASNS
1041,MTHFD2L
1042,AKR1B15
1043,ASPA
1044,ASS1
1045,ASS1
1046,MTAP
1047,COX1
1048,COX2
1049,COX3
1050,CYTB
1051,MTHFD1
1052,MTHFR
1053,ND1
1054,ND2
1055,ND3
1056,ND4
1057,ND4L
1058,ND5
1059,ND6
1060,MTR
1061,MUT
1062,MVD
1063,MVK
1064,MYO5B
1065,NAGA
1066,NAGLU
1067,NDUFA1
1068,NDUFA2
1069,NDUFA3
1070,NDUFA4
1071,NDUFA5
1072,NDUFA6
1073,NDUFA7
1074,NDUFA8
1075,NDUFA9
1076,NDUFA10
1077,NDUFAB1
1078,NDUFB1
1079,NDUFB2
1080,NDUFB3
1081,NDUFB4
1082,NDUFB5
1083,NDUFB6
1084,NDUFB6
1085,NDUFB7
1086,NDUFB8
1087,NDUFB9
1088,NDUFB10
1089,NDUFC1
1090,NDUFC2
1091,NDUFS1
1092,ATIC
1093,NDUFS2
1094,NDUFS3
1095,NDUFV1
1096,NDUFS4
1097,NDUFS5
1098,NDUFS6
1099,NDUFS8
1100,NDUFV2
1101,NDUFV3
1102,NDUFV3
1103,NEU1
1104,NEU2
1105,ATP1A1
1106,ATP1A2
1107,ATP1A3
1108,ACLY
1109,ACLY
1110,ATP1A4
1111,ATP1B1
1112,ATP1B2
1113,NME1
1114,NME1
1115,NME2
1116,NME3
1117,NME4
1118,NNMT
1119,ATP1B3
1120,NOS1
1121,NOS2
1122,NOS2
1123,NOS3
1124,PNP
1125,NPC1
1126,NPR1
1127,NPR2
1128,NPR2
1129,SLC11A2
1130,ACO1
1131,NSF
1132,NT5E
1133,ATP2B1
1134,ATP2B2
1135,ATP2B3
1136,GPX8
1137,ATP2B4
1138,OAT
1139,OCRL
1140,OCRL
1141,ODC1
1142,ATP4A
1143,OGDH
1144,OGDH
1145,ATP4B
1146,ATP5A1
1147,ATP5A1
1148,ATP5A1
1149,OTC
1150,OXCT1
1151,ALDH7A1
1152,P4HA1
1153,RRM2B
1154,PLA2G3
1155,PAFAH1B1
1156,PAFAH1B2
1157,DUOX2
1158,PAFAH1B3
1159,CHST11
1160,PAFAH2
1161,PRDX1
1162,PRDX1
1163,PRDX1
1164,PAH
1165,GALNT9
1166,ATP6V0A4
1167,ATP6V0A4
1168,ATP6V0A4
1169,ATP5B
1170,RDH8
1171,AK3
1172,NSDHL
1173,PC
1174,PC
1175,PCBD1
1176,PCBD1
1177,PDE11A
1178,ATP5C1
1179,ATP5C1
1180,ACO2
1181,COQ6
1182,COQ6
1183,AMDHD2
1184,GLRX2
1185,GLRX2
1186,LAP3
1187,PCK1
1188,PCK2
1189,DERA
1190,NDUFA13
1191,TNNI3K
1192,ABHD5
1193,MECR
1194,RDH11
1195,KMT5B
1196,HSD17B12
1197,A4GNT
1198,AADAT
1199,AADAT
1200,HSD17B11
1201,HSD17B14
1202,HAO2
1203,HAO2
1204,DCXR
1205,PLCE1
1206,ACP6
1207,PIGP
1208,PIGP
1209,PIGP
1210,GLTP
1211,NT5C3A
1212,PIPOX
1213,GMPR2
1214,GCNT4
1215,CYP39A1
1216,PCYT1A
1217,SLC25A37
1218,PDE1A
1219,PDE1A
1220,PDE1C
1221,CSAD
1222,ATP6V1D
1223,PDE2A
1224,PDE3A
1225,ATP5D
1226,ATP5D
1227,PDE3B
1228,PDE3B
1229,PDE4A
1230,PDE4B
1231,PDE4C
1232,IP6K2
1233,IP6K2
1234,IP6K2
1235,IP6K2
1236,IP6K2
1237,IP6K2
1238,PDE4D
1239,RHCG
1240,PDE6A
1241,PDE6C
1242,ISYNA1
1243,HSD17B7
1244,PDE6D
1245,PDE6G
1246,HACD3
1247,CTDSPL2
1248,PDE6H
1249,ATP5E
1250,ATP5E
1251,PDE7A
1252,PDE7A
1253,PDE8A
1254,PDE8A
1255,PDE8A
1256,PDE8A
1257,PDE8A
1258,PDE9A
1259,PDE9A
1260,PDE9A
1261,PDE9A
1262,PDE9A
1263,PDE9A
1264,PDE9A
1265,PDE9A
1266,PDE9A
1267,PDE9A
1268,PDE9A
1269,PDE9A
1270,PDE9A
1271,PDE9A
1272,PDE9A
1273,PDE9A
1274,PDE9A
1275,PDE9A
1276,PDE1B
1277,LGSN
1278,NT5DC3
1279,PDE6B
1280,ATP5F1
1281,ATP5F1
1282,ATP5F1
1283,PIGT
1284,ATP6V1H
1285,ATP6V1H
1286,ATP6V1H
1287,PDHA1
1288,PDHA2
1289,PDHB
1290,MPC1
1291,ENPP1
1292,ENPP2
1293,ENPP3
1294,ATP5G1
1295,ATP5G1
1296,CYB5R2
1297,ACSL5
1298,CYB5R1
1299,CMPK1
1300,SLC26A4
1301,UPB1
1302,WWOX
1303,ATP5G2
1304,ATP5G2
1305,COQ3
1306,GALNT7
1307,PEPD
1308,ATP5G3
1309,ATP5G3
1310,ATP5G3
1311,PFAS
1312,ACOX1
1313,ACOX1
1314,ATP8B1
1315,PFKFB1
1316,PFKFB2
1317,PFKFB3
1318,PFKFB4
1319,PFKL
1320,PFKL
1321,PFKM
1322,PFKP
1323,ATP5I
1324,PGAM1
1325,PGAM2
1326,PGAM2
1327,PGD
1328,ATP5J
1329,ATP5J
1330,ATP5J
1331,ATP5J
1332,ATP5J
1333,PGK1
1334,PGK2
1335,PGM1
1336,PGM3
1337,ATP6V1A
1338,ABCB1
1339,ABCB4
1340,ABCB4
1341,ABCB4
1342,PHEX
1343,ATP6V1B1
1344,PHYH
1345,ATP6V1B2
1346,PIGA
1347,PIGA
1348,PIGA
1349,PIGC
1350,PIGC
1351,ATP6V0C
1352,PIGF
1353,PIGF
1354,PIGH
1355,PIK3C2A
1356,PIK3C2B
1357,PIK3C2G
1358,PIK3C3
1359,ATP6V1C1
1360,ATP6V1C1
1361,PIK3CA
1362,PIK3CB
1363,PIK3CD
1364,PIK3CG
1365,PIK3R1
1366,PIK3R1
1367,PIK3R1
1368,PIK3R2
1369,PI4KA
1370,PI4KB
1371,ATP6V1E1
1372,ACP1
1373,ACP1
1374,ACP1
1375,PIP4K2A
1376,PKLR
1377,PKLR
1378,PKM
1379,PKM
1380,PKM
1381,PLA2G1B
1382,PLA2G2A
1383,PLA2G4A
1384,PLA2G5
1385,PLCB2
1386,PLCB3
1387,PLCB4
1388,PLCB4
1389,PLCD1
1390,PLCL1
1391,PANK1
1392,PANK1
1393,PANK1
1394,PLCG1
1395,PLCG1
1396,PLCG2
1397,PLD1
1398,PLD2
1399,ATP6V0B
1400,ATP6V1G2
1401,ATP6V1G2
1402,ATP6V0A1
1403,BCO1
1404,PMM1
1405,PMM2
1406,DUOX1
1407,DUOX1
1408,SLCO1C1
1409,A4GALT
1410,ATP5O
1411,ACP2
1412,SLC37A1
1413,PNLIP
1414,PNLIPRP1
1415,PNLIPRP2
1416,PNMT
1417,NANS
1418,HAO1
1419,SLC38A2
1420,PON3
1421,CHPF2
1422,UGT2B28
1423,HMGCLL1
1424,NDUFB11
1425,UGT1A10
1426,UGT1A8
1427,UGT1A7
1428,UGT1A6
1429,UGT1A5
1430,UGT1A9
1431,PPA1
1432,UGT1A4
1433,UGT1A1
1434,UGT1A3
1435,CRLS1
1436,CROT
1437,MANSC1
1438,SLC6A20
1439,PPAT
1440,CTSA
1441,CKMT1A
1442,PIGG
1443,ELOVL2
1444,WHSC1L1
1445,UCKL1
1446,PIGX
1447,NMRK1
1448,ACSM5
1449,PPOX
1450,OXSM
1451,AUH
1452,ACP5
1453,SLC52A1
1454,PDPR
1455,SLC38A4
1456,PNPO
1457,NADSYN1
1458,TMLHE
1459,ETNK2
1460,PANK4
1461,SLC47A1
1462,ADI1
1463,ECHDC2
1464,PGM2
1465,FGGY
1466,UEVLD
1467,SPTLC3
1468,RFK
1469,SLC29A3
1470,AGPAT5
1471,ACER3
1472,SLC35C1
1473,CHDH
1474,VNN3
1475,VNN3
1476,VNN3
1477,PI4K2A
1478,PPT1
1479,CSGALNACT2
1480,ETNK1
1481,CHST12
1482,SMPD3
1483,SMPD3
1484,GALNT10
1485,GALNT10
1486,NAGK
1487,MIOX
1488,MTMR8
1489,POMGNT1
1490,SMPD4
1491,PIGV
1492,CNDP2
1493,AGK
1494,UGGT2
1495,CSGALNACT1
1496,ST6GALNAC1
1497,ADCY10
1498,PECR
1499,GLT8D1
1500,ACOT13
1501,SLC22A11
1502,ASH1L
1503,ACSS2
1504,ACSS2
1505,KMT2E
1506,CMAS
1507,NDUFA12
1508,ACPP
1509,PRODH
1510,GPCPD1
1511,SLC7A10
1512,PRPS1
1513,PRPS2
1514,CTPS2
1515,CHST7
1516,SLC2A9
1517,SLC2A9
1518,PSAP
1519,INPP5E
1520,ASAH2
1521,SPHK2
1522,UGGT1
1523,AGPAT3
1524,AGPAT3
1525,AGPAT4
1526,BDH2
1527,C1GALT1
1528,MCCC1
1529,NT5M
1530,NIT2
1531,POGLUT1
1532,CHPT1
1533,AKR1B10
1534,PDXP
1535,SLC17A7
1536,SLC17A6
1537,CPA6
1538,BAAT
1539,PNPLA2
1540,RHBG
1541,DOLPP1
1542,ATP10A
1543,ATP8B2
1544,PSPH
1545,SLC4A10
1546,PTEN
1547,PTGDS
1548,AICDA
1549,TMEM27
1550,PTGIS
1551,SLC24A3
1552,PTGS1
1553,PTGS2
1554,SLC12A5
1555,CARNS1
1556,RDH14
1557,GPAM
1558,GBA2
1559,G6PC2
1560,CYP4F11
1561,SLC4A5
1562,SLC4A5
1563,SLC4A5
1564,SLC4A5
1565,PTS
1566,ABCD3
1567,PYCR1
1568,PYCR1
1569,ALDH18A1
1570,PCYT2
1571,PYGB
1572,PYGL
1573,PYGM
1574,ENOPH1
1575,KMT2C
1576,PRODH2
1577,QDPR
1578,BCAT1
1579,BCAT2
1580,BCHE
1581,ACE2
1582,BCKDHA
1583,RBP1
1584,RBP2
1585,BCKDHB
1586,BCKDHB
1587,RBP4
1588,RDH5
1589,RENBP
1590,RHAG
1591,SLC25A19
1592,ELOVL5
1593,SLC5A7
1594,PPCDC
1595,SPCS3
1596,RPE
1597,RPE
1598,BDH1
1599,BDH1
1600,BDH1
1601,RRM1
1602,RRM2
1603,ACSM3
1604,SAT1
1605,MSMO1
1606,SC5D
1607,SCD
1608,SCP2
1609,BHMT
1610,SDHA
1611,SDHB
1612,GALNT11
1613,SDHC
1614,SDHD
1615,OXCT2
1616,LHPP
1617,SLC28A3
1618,RBKS
1619,MCCC2
1620,FN3K
1621,XYLT1
1622,XYLT2
1623,ACOT1
1624,ACOT6
1625,TMEM91
1626,DPEP2
1627,DPEP3
1628,SETMAR
1629,STRA6
1630,ABCG5
1631,ABCG8
1632,NSD1
1633,MTMR14
1634,
1635,SGSH
1636,ALG1L2
1637,TPSB2
1638,BLVRA
1639,
1640,NDST4
1641,BLVRB
1642,PLA2G2F
1643,FABP9
1644,FABP12
1645,SHMT1
1646,SHMT1
1647,HS3ST6
1648,SHMT2
1649,PLPPR2
1650,SMYD3
1651,SI
1652,CERK
1653,CERK
1654,NMNAT1
1655,CYP3A43
1656,CYP3A43
1657,CYP3A43
1658,ST3GAL1
1659,ST3GAL1
1660,ELOVL1
1661,ST3GAL2
1662,GNPNAT1
1663,SLC13A3
1664,SLC13A3
1665,ST3GAL4
1666,ETNPPL
1667,ST3GAL3
1668,ST3GAL3
1669,ST3GAL3
1670,ST3GAL3
1671,ST3GAL3
1672,ST3GAL3
1673,ST3GAL3
1674,ST3GAL3
1675,ST3GAL3
1676,ST3GAL3
1677,ST3GAL3
1678,ST8SIA1
1679,LPIN3
1680,AGXT2
1681,SLC26A6
1682,SLC26A6
1683,SLC26A6
1684,SLC1A1
1685,SLC1A2
1686,SLC1A3
1687,SLC4A3
1688,SLC4A3
1689,SLC1A4
1690,SLC1A5
1691,SLC1A6
1692,SLC1A7
1693,SLC2A1
1694,SLC2A2
1695,SLC2A3
1696,SLC2A4
1697,SLC2A5
1698,SLC3A1
1699,SLC3A2
1700,SLC4A1
1701,NADK
1702,SLC4A2
1703,SLC5A1
1704,SLC5A2
1705,PYCRL
1706,SLC5A3
1707,SLC5A5
1708,SLC6A1
1709,SLC6A2
1710,SLC6A3
1711,SLC6A4
1712,SLC6A6
1713,SLC6A7
1714,SLC6A8
1715,SLC6A9
1716,SLC6A9
1717,SLC6A11
1718,SLC6A12
1719,SLC6A13
1720,SLC7A1
1721,SLC7A2
1722,SLC8A2
1723,SLC8A1
1724,SLC8A3
1725,SLC8A3
1726,SLC8A3
1727,SLC8A3
1728,SLC8A3
1729,SLC8A3
1730,SLC9A1
1731,SLC9A2
1732,SLC9A3
1733,SLC9A5
1734,SLC10A1
1735,SLC10A2
1736,SLC11A1
1737,SLC12A1
1738,SLC12A2
1739,SLC12A3
1740,SLC12A4
1741,SLC13A1
1742,SLC14A1
1743,SLC15A1
1744,SLC15A2
1745,SLC16A1
1746,SLC16A2
1747,SLC17A1
1748,SLC34A1
1749,SLC18A1
1750,SLC18A2
1751,SLC18A3
1752,SLC19A1
1753,SLC19A1
1754,SLC20A1
1755,SLC20A2
1756,SLC25A1
1757,SLCO2A1
1758,SLCO1A2
1759,SLC22A1
1760,SLC22A3
1761,SLC22A2
1762,SLC22A2
1763,SLC22A4
1764,SLC22A5
1765,AACS
1766,CYP4F12
1767,SLC2A11
1768,SMPD1
1769,SMPD2
1770,SMS
1771,SOAT1
1772,SOD1
1773,SOD2
1774,SOD3
1775,SORD
1776,UAP1
1777,SPR
1778,BPGM
1779,BPGM
1780,SQLE
1781,SRD5A1
1782,SRD5A2
1783,AKR1D1
1784,SRM
1785,SULT1E1
1786,ELOVL4
1787,SULT1A2
1788,SULT1A2
1789,SULT1A1
1790,SULT1A1
1791,SULT1A1
1792,SULT1A1
1793,SULT1A1
1794,SULT1A3
1795,SULT1A3
1796,SULT1A3
1797,SULT1C2
1798,SULT2B1
1799,SULT2B1
1800,SUOX
1801,SULT2A1
1802,BSG
1803,ABCC8
1804,SUV39H1
1805,BTD
1806,TALDO1
1807,TAT
1808,TBXAS1
1809,TDO2
1810,PRDX2
1811,PRDX2
1812,PRDX2
1813,TH
1814,TH
1815,TH
1816,TK1
1817,TK2
1818,TKT
1819,TM7SF2
1820,TPH1
1821,TPI1
1822,TPO
1823,TPO
1824,TPO
1825,TPO
1826,TPO
1827,TPSAB1
1828,TST
1829,TSTA3
1830,GGT2
1831,TXNRD1
1832,TXNRD1
1833,TXNRD1
1834,TXNRD1
1835,TYMS
1836,TYR
1837,TYRP1
1838,UCP1
1839,UCP2
1840,UCP3
1841,UCP3
1842,SLC35A2
1843,UGCG
1844,UGDH
1845,UGP2
1846,UGP2
1847,UGT2B4
1848,UGT2B7
1849,UGT2B10
1850,UGT2B15
1851,UGT2B17
1852,UGT8
1853,UCK2
1854,UMPS
1855,UPP1
1856,UPP1
1857,UQCRB
1858,UQCRC1
1859,UQCRC2
1860,UQCRFS1
1861,UQCRH
1862,UROD
1863,UROS
1864,WHSC1
1865,DAGLA
1866,XDH
1867,CA1
1868,CA2
1869,CA3
1870,CA4
1871,CA5A
1872,CA6
1873,CA7
1874,CA7
1875,CA8
1876,CA9
1877,CA12
1878,CA12
1879,SLC30A1
1880,PXDN
1881,SLC25A20
1882,GGCT
1883,ST8SIA4
1884,ELOVL6
1885,DCTPP1
1886,ALG12
1887,CAD
1888,ALDH5A1
1889,ALDH5A1
1890,THTPA
1891,HSD17B8
1892,B3GNT4
1893,GLB1L
1894,PLA2G7
1895,SLC52A2
1896,CHPF
1897,CERS4
1898,ACSS3
1899,GALNT14
1900,SRD5A3
1901,PANK3
1902,FN3KRP
1903,GALNT12
1904,NOL9
1905,PPCS
1906,SUV39H2
1907,SLC25A22
1908,UGT2A3
1909,EHMT1
1910,AGMAT
1911,PIP4K2C
1912,THNSL1
1913,CYBRD1
1914,TUSC3
1915,TUSC3
1916,PLPPR3
1917,SCD5
1918,ELOVL7
1919,PANK2
1920,PANK2
1921,PANK2
1922,PANK2
1923,PGAP1
1924,PTGES2
1925,PTGES2
1926,PTGES2
1927,PTGES2
1928,UXS1
1929,ASRGL1
1930,ATHL1
1931,MOGAT2
1932,HKDC1
1933,PIGZ
1934,HSD3B7
1935,ITPKC
1936,FLAD1
1937,FLAD1
1938,PNPLA3
1939,COASY
1940,SLC25A16
1941,
1942,PDHX
1943,SLC19A3
1944,ACAD10
1945,SETD7
1946,KMT2D
1947,SLC2A10
1948,SLC7A5
1949,PTDSS2
1950,SGPP1
1951,SLC38A1
1952,PLA2G12A
1953,ACSBG2
1954,SLC14A2
1955,ST6GALNAC5
1956,SLC25A28
1957,PNPLA4
1958,TKTL1
1959,EPX
1960,ACOX2
1961,ACOX3
1962,ELOVL3
1963,GLT8D2
1964,UCK1
1965,NUDT12
1966,SLC4A9
1967,HYAL3
1968,SLC25A18
1969,SETDB2
1970,SLC25A2
1971,PIP5K1A
1972,PIP5K1B
1973,PIP4K2B
1974,PIP4K2B
1975,PLA2G6
1976,PLA2G6
1977,PLA2G10
1978,B3GNT5
1979,SLC25A11
1980,TKTL2
1981,PCBD2
1982,ACAD11
1983,BBOX1
1984,HAGHL
1985,HAGHL
1986,COQ5
1987,SOAT2
1988,DOT1L
1989,DUSP11
1990,PLPP5
1991,ACSS1
1992,LYZL1
1993,NT5C1A
1994,DGAT2
1995,SLC9A7
1996,MCEE
1997,COX4I2
1998,GPT2
1999,PIGO
2000,PIGO
2001,CNDP1
2002,OGT
2003,FUT10
2004,B3GNT9
2005,KMT5C
2006,CAT
2007,PLCD4
2008,PLPP7
2009,CBR4
2010,SLC7A3
2011,ADO
2012,SLC35B4
2013,ALG10
2014,PHYKPL
2015,SLC43A1
2016,PIK3R3
2017,NDST2
2018,LIPF
2019,DGKZ
2020,DGKZ
2021,DGKZ
2022,DGKE
2023,DGKD
2024,DGKD
2025,DDO
2026,DDO
2027,CYP4F2
2028,ABCC11
2029,CHST1
2030,EPT1
2031,DEGS1
2032,DEGS1
2033,KMO
2034,PDXK
2035,AKR7A2
2036,SLC25A12
2037,RDH16
2038,PLPP1
2039,PLPP1
2040,PLPP2
2041,PLPP3
2042,PDE8B
2043,HSD17B6
2044,AOC3
2045,AKR1C3
2046,ABCB11
2047,PDE5A
2048,PDE5A
2049,PDE5A
2050,ALDH4A1
2051,ALDH4A1
2052,SLC4A4
2053,GALNT4
2054,DGAT1
2055,B4GALT4
2056,B4GALT3
2057,B4GALT2
2058,B4GALT2
2059,B3GALT4
2060,B3GALNT1
2061,B3GALNT1
2062,B3GALNT1
2063,B3GALNT1
2064,B3GALT2
2065,B3GALT1
2066,ABCC3
2067,ABCC3
2068,ABCC3
2069,GPAA1
2070,CBR1
2071,CBR3
2072,CBS
2073,CDS2
2074,MTMR1
2075,
2076,FBP2
2077,FPGT
2078,SUCLG2
2079,SUCLG1
2080,SUCLA2
2081,DPM2
2082,DPM2
2083,INPP4B
2084,CES2
2085,GMPS
2086,GGH
2087,KYAT1
2088,ALDH1A2
2089,ALDH1A2
2090,ALDH1A2
2091,SYNJ1
2092,SYNJ1
2093,ST3GAL5
2094,SYNJ2
2095,VNN2
2096,VNN2
2097,VNN1
2098,SPHK1
2099,SGPL1
2100,SLC5A6
2101,MTMR3
2102,MTMR3
2103,MTMR3
2104,MTMR2
2105,GYG2
2106,KYNU
2107,MGAM
2108,P4HA2
2109,PLCZ1
2110,AQP10
2111,SLC25A21
2112,ATP6V0E1
2113,HS6ST2
2114,HS6ST2
2115,SLC25A14
2116,SLC25A14
2117,CH25H
2118,ATP6V1E2
2119,RPL14
2120,SLC7A7
2121,SLC7A6
2122,SLC13A2
2123,PAPSS2
2124,PAPSS1
2125,SEC11C
2126,PIGQ
2127,PIGQ
2128,CERS5
2129,MTMR6
2130,MTMR7
2131,ATP6V0D1
2132,SCARF2
2133,GGTLC2
2134,SLC16A3
2135,UAP1L1
2136,SLC6A5
2137,SLC28A2
2138,SLC28A1
2139,SLC28A1
2140,DGKI
2141,COX7A2L
2142,ACY3
2143,IDI2
2144,SLC24A1
2145,SLC16A7
2146,SLC33A1
2147,HACD1
2148,GGTLC1
2149,LRAT
2150,PXYLP1
2151,GCNT3
2152,LDHAL6B
2153,DHRS3
2154,G6PC3
2155,SLC38A5
2156,ATP6V1F
2157,B3GNT7
2158,NT5C1B
2159,NT5C1B
2160,NAPRT
2161,PIGM
2162,B4GALT6
2163,B4GALT5
2164,NDST3
2165,TPTE2
2166,SDR42E1
2167,SLC22A6
2168,ACPT
2169,KL
2170,PPT2
2171,SLC22A8
2172,COX5A
2173,GRHPR
2174,LIPG
2175,SLC22A13
2176,HS6ST1
2177,CPA5
2178,PIGS
2179,FTMT
2180,FADS2
2181,CYP7B1
2182,ABCG2
2183,CHST2
2184,GGPS1
2185,PCYT1B
2186,CHST3
2187,SLC25A27
2188,PIGL
2189,PIGB
2190,PGS1
2191,CD36
2192,SLC4A7
2193,SLC4A8
2194,SCARB1
2195,GAL3ST1
2196,SPTLC2
2197,TECR
2198,CD38
2199,PTGES
2200,PTGES
2201,ENTPD1
2202,ENTPD2
2203,ENTPD2
2204,ATP6V1G1
2205,ATP5J2
2206,ATP5J2
2207,ATP5J2
2208,ENTPD6
2209,MINPP1
2210,H6PD
2211,ENTPD3
2212,ENTPD5
2213,ENTPD4
2214,PRDX6
2215,ACY1
2216,GDA
2217,PLCH2
2218,HS2ST1
2219,LPIN2
2220,PPIP5K1
2221,SETD1A
2222,KMT2B
2223,SPCS2
2224,CDA
2225,PTDSS1
2226,ACYP1
2227,ACYP1
2228,IP6K1
2229,IP6K1
2230,HEPH
2231,SETDB1
2232,PLPPR4
2233,FIG4
2234,ACYP2
2235,FAM20B
2236,XYLB
2237,GFPT2
2238,HS3ST4
2239,HS3ST3B1
2240,HS3ST3A1
2241,HS3ST2
2242,HS3ST1
2243,SLC23A2
2244,SLC23A2
2245,SLC23A1
2246,SLC23A1
2247,SLC12A6
